<!DOCTYPE html>
<html lang="en">
  <head>
    <title>Bitbucket</title>
    <meta id="bb-bootstrap" data-current-user="{&quot;displayName&quot;: &quot;Domenico Calcaterra&quot;, &quot;uuid&quot;: &quot;{eb351792-ee24-43d1-b978-53bba9b7c962}&quot;, &quot;hasPremium&quot;: false, &quot;avatarUrl&quot;: &quot;https://secure.gravatar.com/avatar/8872c5ecc1b91985061938494c4bb3bc?d=https%3A%2F%2Favatar-management--avatars.us-west-2.prod.public.atl-paas.net%2Finitials%2FDC-2.png&quot;, &quot;isTeam&quot;: false, &quot;isSshEnabled&quot;: false, &quot;mention_id&quot;: &quot;5a04888af491f53c4fcbdc3f&quot;, &quot;isKbdShortcutsEnabled&quot;: true, &quot;avatarUrl2x&quot;: &quot;https://secure.gravatar.com/avatar/8872c5ecc1b91985061938494c4bb3bc?d=https%3A%2F%2Favatar-management--avatars.us-west-2.prod.public.atl-paas.net%2Finitials%2FDC-2.png&amp;s=64&quot;, &quot;nickname&quot;: &quot;dcalcaterra&quot;, &quot;id&quot;: 10429568, &quot;isAuthenticated&quot;: true}"
data-atlassian-id="5a04888af491f53c4fcbdc3f" />
    <meta name="frontbucket-version" content="production">
    <meta http-equiv="X-UA-Compatible" content="IE=edge">
    <meta charset="utf-8">
    <meta name="viewport" content="width=device-width, initial-scale=1">
    <script nonce="7TA7DQbGorAkzw6o" type="text/javascript">(window.NREUM||(NREUM={})).loader_config={licenseKey:"a2cef8c3d3",applicationID:"548124220"};window.NREUM||(NREUM={}),__nr_require=function(e,t,n){function r(n){if(!t[n]){var i=t[n]={exports:{}};e[n][0].call(i.exports,function(t){var i=e[n][1][t];return r(i||t)},i,i.exports)}return t[n].exports}if("function"==typeof __nr_require)return __nr_require;for(var i=0;i<n.length;i++)r(n[i]);return r}({1:[function(e,t,n){function r(){}function i(e,t,n){return function(){return o(e,[u.now()].concat(c(arguments)),t?null:this,n),t?void 0:this}}var o=e("handle"),a=e(7),c=e(8),f=e("ee").get("tracer"),u=e("loader"),s=NREUM;"undefined"==typeof window.newrelic&&(newrelic=s);var d=["setPageViewName","setCustomAttribute","setErrorHandler","finished","addToTrace","inlineHit","addRelease"],p="api-",l=p+"ixn-";a(d,function(e,t){s[t]=i(p+t,!0,"api")}),s.addPageAction=i(p+"addPageAction",!0),s.setCurrentRouteName=i(p+"routeName",!0),t.exports=newrelic,s.interaction=function(){return(new r).get()};var m=r.prototype={createTracer:function(e,t){var n={},r=this,i="function"==typeof t;return o(l+"tracer",[u.now(),e,n],r),function(){if(f.emit((i?"":"no-")+"fn-start",[u.now(),r,i],n),i)try{return t.apply(this,arguments)}catch(e){throw f.emit("fn-err",[arguments,this,e],n),e}finally{f.emit("fn-end",[u.now()],n)}}}};a("actionText,setName,setAttribute,save,ignore,onEnd,getContext,end,get".split(","),function(e,t){m[t]=i(l+t)}),newrelic.noticeError=function(e,t){"string"==typeof e&&(e=new Error(e)),o("err",[e,u.now(),!1,t])}},{}],2:[function(e,t,n){function r(){return c.exists&&performance.now?Math.round(performance.now()):(o=Math.max((new Date).getTime(),o))-a}function i(){return o}var o=(new Date).getTime(),a=o,c=e(9);t.exports=r,t.exports.offset=a,t.exports.getLastTimestamp=i},{}],3:[function(e,t,n){function r(e){return!(!e||!e.protocol||"file:"===e.protocol)}t.exports=r},{}],4:[function(e,t,n){function r(e,t){var n=e.getEntries();n.forEach(function(e){"first-paint"===e.name?d("timing",["fp",Math.floor(e.startTime)]):"first-contentful-paint"===e.name&&d("timing",["fcp",Math.floor(e.startTime)])})}function i(e,t){var n=e.getEntries();n.length>0&&d("lcp",[n[n.length-1]])}function o(e){e.getEntries().forEach(function(e){e.hadRecentInput||d("cls",[e])})}function a(e){if(e instanceof m&&!g){var t=Math.round(e.timeStamp),n={type:e.type};t<=p.now()?n.fid=p.now()-t:t>p.offset&&t<=Date.now()?(t-=p.offset,n.fid=p.now()-t):t=p.now(),g=!0,d("timing",["fi",t,n])}}function c(e){d("pageHide",[p.now(),e])}if(!("init"in NREUM&&"page_view_timing"in NREUM.init&&"enabled"in NREUM.init.page_view_timing&&NREUM.init.page_view_timing.enabled===!1)){var f,u,s,d=e("handle"),p=e("loader"),l=e(6),m=NREUM.o.EV;if("PerformanceObserver"in window&&"function"==typeof window.PerformanceObserver){f=new PerformanceObserver(r);try{f.observe({entryTypes:["paint"]})}catch(v){}u=new PerformanceObserver(i);try{u.observe({entryTypes:["largest-contentful-paint"]})}catch(v){}s=new PerformanceObserver(o);try{s.observe({type:"layout-shift",buffered:!0})}catch(v){}}if("addEventListener"in document){var g=!1,w=["click","keydown","mousedown","pointerdown","touchstart"];w.forEach(function(e){document.addEventListener(e,a,!1)})}l(c)}},{}],5:[function(e,t,n){function r(e,t){if(!i)return!1;if(e!==i)return!1;if(!t)return!0;if(!o)return!1;for(var n=o.split("."),r=t.split("."),a=0;a<r.length;a++)if(r[a]!==n[a])return!1;return!0}var i=null,o=null,a=/Version\/(\S+)\s+Safari/;if(navigator.userAgent){var c=navigator.userAgent,f=c.match(a);f&&c.indexOf("Chrome")===-1&&c.indexOf("Chromium")===-1&&(i="Safari",o=f[1])}t.exports={agent:i,version:o,match:r}},{}],6:[function(e,t,n){function r(e){function t(){e(a&&document[a]?document[a]:document[i]?"hidden":"visible")}"addEventListener"in document&&o&&document.addEventListener(o,t,!1)}t.exports=r;var i,o,a;"undefined"!=typeof document.hidden?(i="hidden",o="visibilitychange",a="visibilityState"):"undefined"!=typeof document.msHidden?(i="msHidden",o="msvisibilitychange"):"undefined"!=typeof document.webkitHidden&&(i="webkitHidden",o="webkitvisibilitychange",a="webkitVisibilityState")},{}],7:[function(e,t,n){function r(e,t){var n=[],r="",o=0;for(r in e)i.call(e,r)&&(n[o]=t(r,e[r]),o+=1);return n}var i=Object.prototype.hasOwnProperty;t.exports=r},{}],8:[function(e,t,n){function r(e,t,n){t||(t=0),"undefined"==typeof n&&(n=e?e.length:0);for(var r=-1,i=n-t||0,o=Array(i<0?0:i);++r<i;)o[r]=e[t+r];return o}t.exports=r},{}],9:[function(e,t,n){t.exports={exists:"undefined"!=typeof window.performance&&window.performance.timing&&"undefined"!=typeof window.performance.timing.navigationStart}},{}],ee:[function(e,t,n){function r(){}function i(e){function t(e){return e&&e instanceof r?e:e?u(e,f,a):a()}function n(n,r,i,o,a){if(a!==!1&&(a=!0),!l.aborted||o){e&&a&&e(n,r,i);for(var c=t(i),f=v(n),u=f.length,s=0;s<u;s++)f[s].apply(c,r);var p=d[h[n]];return p&&p.push([b,n,r,c]),c}}function o(e,t){y[e]=v(e).concat(t)}function m(e,t){var n=y[e];if(n)for(var r=0;r<n.length;r++)n[r]===t&&n.splice(r,1)}function v(e){return y[e]||[]}function g(e){return p[e]=p[e]||i(n)}function w(e,t){s(e,function(e,n){t=t||"feature",h[n]=t,t in d||(d[t]=[])})}var y={},h={},b={on:o,addEventListener:o,removeEventListener:m,emit:n,get:g,listeners:v,context:t,buffer:w,abort:c,aborted:!1};return b}function o(e){return u(e,f,a)}function a(){return new r}function c(){(d.api||d.feature)&&(l.aborted=!0,d=l.backlog={})}var f="nr@context",u=e("gos"),s=e(7),d={},p={},l=t.exports=i();t.exports.getOrSetContext=o,l.backlog=d},{}],gos:[function(e,t,n){function r(e,t,n){if(i.call(e,t))return e[t];var r=n();if(Object.defineProperty&&Object.keys)try{return Object.defineProperty(e,t,{value:r,writable:!0,enumerable:!1}),r}catch(o){}return e[t]=r,r}var i=Object.prototype.hasOwnProperty;t.exports=r},{}],handle:[function(e,t,n){function r(e,t,n,r){i.buffer([e],r),i.emit(e,t,n)}var i=e("ee").get("handle");t.exports=r,r.ee=i},{}],id:[function(e,t,n){function r(e){var t=typeof e;return!e||"object"!==t&&"function"!==t?-1:e===window?0:a(e,o,function(){return i++})}var i=1,o="nr@id",a=e("gos");t.exports=r},{}],loader:[function(e,t,n){function r(){if(!E++){var e=x.info=NREUM.info,t=l.getElementsByTagName("script")[0];if(setTimeout(u.abort,3e4),!(e&&e.licenseKey&&e.applicationID&&t))return u.abort();f(h,function(t,n){e[t]||(e[t]=n)});var n=a();c("mark",["onload",n+x.offset],null,"api"),c("timing",["load",n]);var r=l.createElement("script");r.src="https://"+e.agent,t.parentNode.insertBefore(r,t)}}function i(){"complete"===l.readyState&&o()}function o(){c("mark",["domContent",a()+x.offset],null,"api")}var a=e(2),c=e("handle"),f=e(7),u=e("ee"),s=e(5),d=e(3),p=window,l=p.document,m="addEventListener",v="attachEvent",g=p.XMLHttpRequest,w=g&&g.prototype;if(d(p.location)){NREUM.o={ST:setTimeout,SI:p.setImmediate,CT:clearTimeout,XHR:g,REQ:p.Request,EV:p.Event,PR:p.Promise,MO:p.MutationObserver};var y=""+location,h={beacon:"bam.nr-data.net",errorBeacon:"bam.nr-data.net",agent:"js-agent.newrelic.com/nr-1208.min.js"},b=g&&w&&w[m]&&!/CriOS/.test(navigator.userAgent),x=t.exports={offset:a.getLastTimestamp(),now:a,origin:y,features:{},xhrWrappable:b,userAgent:s};e(1),e(4),l[m]?(l[m]("DOMContentLoaded",o,!1),p[m]("load",r,!1)):(l[v]("onreadystatechange",i),p[v]("onload",r)),c("mark",["firstbyte",a.getLastTimestamp()],null,"api");var E=0}},{}],"wrap-function":[function(e,t,n){function r(e,t){function n(t,n,r,f,u){function nrWrapper(){var o,a,s,p;try{a=this,o=d(arguments),s="function"==typeof r?r(o,a):r||{}}catch(l){i([l,"",[o,a,f],s],e)}c(n+"start",[o,a,f],s,u);try{return p=t.apply(a,o)}catch(m){throw c(n+"err",[o,a,m],s,u),m}finally{c(n+"end",[o,a,p],s,u)}}return a(t)?t:(n||(n=""),nrWrapper[p]=t,o(t,nrWrapper,e),nrWrapper)}function r(e,t,r,i,o){r||(r="");var c,f,u,s="-"===r.charAt(0);for(u=0;u<t.length;u++)f=t[u],c=e[f],a(c)||(e[f]=n(c,s?f+r:r,i,f,o))}function c(n,r,o,a){if(!m||t){var c=m;m=!0;try{e.emit(n,r,o,t,a)}catch(f){i([f,n,r,o],e)}m=c}}return e||(e=s),n.inPlace=r,n.flag=p,n}function i(e,t){t||(t=s);try{t.emit("internal-error",e)}catch(n){}}function o(e,t,n){if(Object.defineProperty&&Object.keys)try{var r=Object.keys(e);return r.forEach(function(n){Object.defineProperty(t,n,{get:function(){return e[n]},set:function(t){return e[n]=t,t}})}),t}catch(o){i([o],n)}for(var a in e)l.call(e,a)&&(t[a]=e[a]);return t}function a(e){return!(e&&e instanceof Function&&e.apply&&!e[p])}function c(e,t){var n=t(e);return n[p]=e,o(e,n,s),n}function f(e,t,n){var r=e[t];e[t]=c(r,n)}function u(){for(var e=arguments.length,t=new Array(e),n=0;n<e;++n)t[n]=arguments[n];return t}var s=e("ee"),d=e(8),p="nr@original",l=Object.prototype.hasOwnProperty,m=!1;t.exports=r,t.exports.wrapFunction=c,t.exports.wrapInPlace=f,t.exports.argsToArray=u},{}]},{},["loader"]);</script>
    


<meta name="bb-env" content="production" />
<meta id="bb-canon-url" name="bb-canon-url" content="https://bitbucket.org">
<meta name="bb-api-canon-url" content="https://api.bitbucket.org">
<meta name="apitoken" content="{&quot;token&quot;: &quot;ILzCMKuTcrYvLh2BZlQzbz-NhAy7TZB_XMZORaJ6nGC0Dtxrzo7lmSfa3WvGESE7TnZNr3gEhwyDBc5ceA8lAE5vdls9R_6Ce39WHuFHro9LTXSYvIeMYO4qi8vSXzeA5quaz2QH6gScV9bEVrvq&quot;, &quot;expires_in&quot;: 300, &quot;expiration&quot;: 1619782462.399724}">


<meta name="bitbucket-commit-hash" content="c3549abc1894">
<meta name="bb-app-node" content="app-3015">
<meta name="bb-dce-env" content="ASH2">
<meta name="bb-view-name" content="bitbucket.apps.repo2.views.SourceView">
<meta name="ignore-whitespace" content="False">
<meta name="tab-size" content="None">
<meta name="locale" content="en">
<meta name="application-name" content="Bitbucket">
<meta name="apple-mobile-web-app-title" content="Bitbucket">
<meta name="slack-app-id" content="A8W8QLZD1">
<meta name="statuspage-api-host" content="https://bqlf8qjztdtr.statuspage.io">


<meta name="theme-color" content="#0049B0">
<meta name="msapplication-TileColor" content="#0052CC">
<meta name="msapplication-TileImage" content="https://d301sr5gafysq2.cloudfront.net/c3549abc1894/img/logos/bitbucket/mstile-150x150.png">
<link rel="apple-touch-icon" sizes="180x180" type="image/png" href="https://d301sr5gafysq2.cloudfront.net/c3549abc1894/img/logos/bitbucket/apple-touch-icon.png">
<link rel="icon" sizes="192x192" type="image/png" href="https://d301sr5gafysq2.cloudfront.net/c3549abc1894/img/logos/bitbucket/android-chrome-192x192.png">

<link rel="icon" sizes="16x16 24x24 32x32 64x64" type="image/x-icon" href="/favicon.ico?v=2">
<link rel="mask-icon" href="https://d301sr5gafysq2.cloudfront.net/c3549abc1894/img/logos/bitbucket/safari-pinned-tab.svg" color="#0052CC">

<link rel="search" type="application/opensearchdescription+xml" href="/opensearch.xml" title="Bitbucket">

    <meta name="description" content="">
    <meta name="bb-single-page-app" content="true">
    
      <link rel="stylesheet" href="https://d301sr5gafysq2.cloudfront.net/frontbucket/assets/present/vendor.f4e8952a.css">
    
    
    
    <script nonce="7TA7DQbGorAkzw6o">

if (window.performance) {

  
  window.performance.okayToSendMetrics = !document.hidden && 'onvisibilitychange' in document;

  if (window.performance.okayToSendMetrics) {

    
    window.addEventListener('visibilitychange', function () {
      if (document.hidden) {
        window.performance.okayToSendMetrics = false;
      }
    });
  }

  
  
}
</script>
  </head>
  <body>
    <div id="root">
    <script nonce="7TA7DQbGorAkzw6o">
      window.__webpack_public_path__ = "https://d301sr5gafysq2.cloudfront.net/frontbucket/assets/present/";
    </script>
    
    
    
    </div>
    <script nonce="7TA7DQbGorAkzw6o">
      
        window.__sentry__ = {"dsn": "https://2dcda83904474d8c86928ebbfa1ab294@sentry.io/1480772", "environment": "production", "tags": {"puppet_env": "production", "dc_location": "ash2", "service": "gu-bb", "revision": "c3549abc1894"}};
      
      
        window.__initial_state__ = {"section": {"repository": {"connectActions": [], "cloneProtocol": "https", "currentRepository": {"scm": "git", "website": "", "uuid": "{1a79b734-73cb-4015-b699-ba4fe68bc00a}", "links": {"clone": [{"href": "https://dcalcaterra@bitbucket.org/unict/activiti-extensions.git", "name": "https"}, {"href": "git@bitbucket.org:unict/activiti-extensions.git", "name": "ssh"}], "self": {"href": "https://bitbucket.org/!api/2.0/repositories/unict/activiti-extensions"}, "html": {"href": "https://bitbucket.org/unict/activiti-extensions"}, "avatar": {"href": "https://bytebucket.org/ravatar/%7B1a79b734-73cb-4015-b699-ba4fe68bc00a%7D?ts=java"}}, "name": "activiti-extensions", "project": {"description": "", "links": {"self": {"href": "https://bitbucket.org/!api/2.0/workspaces/unict/projects/B4T"}, "html": {"href": "https://bitbucket.org/unict/workspace/projects/B4T"}, "avatar": {"href": "https://bitbucket.org/account/user/unict/projects/B4T/avatar/32?ts=1517852192"}}, "name": "BPMN 4 Tosca", "created_on": "2018-02-05T16:04:18.277416+00:00", "key": "B4T", "updated_on": "2018-02-05T17:36:32.964134+00:00", "owner": {"username": "unict", "type": "team", "display_name": "UNICT", "uuid": "{50abb6dc-111b-4217-aacb-67e72b1c1bbf}", "links": {"self": {"href": "https://bitbucket.org/!api/2.0/teams/%7B50abb6dc-111b-4217-aacb-67e72b1c1bbf%7D"}, "html": {"href": "https://bitbucket.org/%7B50abb6dc-111b-4217-aacb-67e72b1c1bbf%7D/"}, "avatar": {"href": "https://bitbucket.org/account/unict/avatar/"}}}, "workspace": {"name": "UNICT", "type": "workspace", "uuid": "{50abb6dc-111b-4217-aacb-67e72b1c1bbf}", "links": {"self": {"href": "https://bitbucket.org/!api/2.0/workspaces/unict"}, "html": {"href": "https://bitbucket.org/unict/"}, "avatar": {"href": "https://bitbucket.org/workspaces/unict/avatar/?ts=1543731052"}}, "slug": "unict"}, "type": "project", "is_private": true, "uuid": "{bbcd1291-b622-47db-8777-d82b2ba0df99}"}, "language": "java", "mainbranch": {"name": "master"}, "full_name": "unict/activiti-extensions", "owner": {"username": "unict", "display_name": "UNICT", "uuid": "{50abb6dc-111b-4217-aacb-67e72b1c1bbf}", "links": {"self": {"href": "https://bitbucket.org/!api/2.0/teams/%7B50abb6dc-111b-4217-aacb-67e72b1c1bbf%7D"}, "html": {"href": "https://bitbucket.org/%7B50abb6dc-111b-4217-aacb-67e72b1c1bbf%7D/"}, "avatar": {"href": "https://bitbucket.org/account/unict/avatar/"}}, "is_active": true, "created_on": "2018-02-05T16:01:28.325516+00:00", "type": "team", "properties": {}, "has_2fa_enabled": null}, "updated_on": "2021-04-30T11:26:13.594946+00:00", "type": "repository", "slug": "activiti-extensions", "is_private": true, "description": ""}, "mirrors": [], "menuItems": [{"analytics_label": "repository.source", "is_client_link": true, "icon_class": "icon-source", "target": "_self", "weight": 200, "url": "/unict/activiti-extensions/src", "tab_name": "source", "can_display": true, "label": "Source", "is_premium": null, "is_dropdown_item": false, "anchor": true, "badge_label": null, "analytics_payload": {}, "matching_url_prefixes": ["/diff", "/history-node"], "id": "repo-source-link", "type": "menu_item", "children": [], "icon": "icon-source"}, {"analytics_label": "repository.commits", "is_client_link": true, "icon_class": "icon-commits", "target": "_self", "weight": 300, "url": "/unict/activiti-extensions/commits/", "tab_name": "commits", "can_display": true, "label": "Commits", "is_premium": null, "is_dropdown_item": false, "anchor": true, "badge_label": null, "analytics_payload": {}, "matching_url_prefixes": [], "id": "repo-commits-link", "type": "menu_item", "children": [], "icon": "icon-commits"}, {"analytics_label": "repository.branches", "is_client_link": true, "icon_class": "icon-branches", "target": "_self", "weight": 400, "url": "/unict/activiti-extensions/branches/", "tab_name": "branches", "can_display": true, "label": "Branches", "is_premium": null, "is_dropdown_item": false, "anchor": true, "badge_label": null, "analytics_payload": {}, "matching_url_prefixes": [], "id": "repo-branches-link", "type": "menu_item", "children": [], "icon": "icon-branches"}, {"analytics_label": "repository.pullrequests", "is_client_link": true, "icon_class": "icon-pull-requests", "target": "_self", "weight": 500, "url": "/unict/activiti-extensions/pull-requests/", "tab_name": "pullrequests", "can_display": true, "label": "Pull requests", "is_premium": null, "is_dropdown_item": false, "anchor": true, "badge_label": null, "analytics_payload": {}, "matching_url_prefixes": [], "id": "repo-pullrequests-link", "type": "menu_item", "children": [], "icon": "icon-pull-requests"}, {"analytics_label": "user.addon", "is_client_link": true, "icon_class": "aui-iconfont-unfocus", "target": "_self", "weight": 550, "url": "/unict/activiti-extensions/addon/pipelines/home", "tab_name": "repopage-M8Xy8K-add-on-link", "can_display": true, "label": "Pipelines", "is_premium": null, "icon_url": "https://bitbucket-connect-icons.s3.amazonaws.com/add-on/icons/62acf41d-386f-49fd-b823-4f86445390e2.svg?AWSAccessKeyId=AKIA6KOSE3BNJRRFUUX6&Expires=1619783962&Signature=b%2BRj2VGUBMaxnyIJUOitADpn39U%3D", "is_dropdown_item": false, "anchor": true, "analytics_payload": {}, "matching_url_prefixes": [], "id": "repopage-M8Xy8K-add-on-link", "type": "connect_menu_item", "children": [], "badge_label": null}, {"analytics_label": "user.addon", "is_client_link": true, "icon_class": "aui-iconfont-unfocus", "target": "_self", "weight": 560, "url": "/unict/activiti-extensions/addon/pipelines/deployments", "tab_name": "repopage-K8Xy8d-add-on-link", "can_display": true, "label": "Deployments", "is_premium": null, "icon_url": "https://bitbucket-connect-icons.s3.amazonaws.com/add-on/icons/fca72d46-7e20-4dc4-b6a8-c83fb9665cc6.svg?AWSAccessKeyId=AKIA6KOSE3BNJRRFUUX6&Expires=1619783962&Signature=zVezKoxdYpTM%2FDBpVVYWg6IQBgE%3D", "is_dropdown_item": false, "anchor": true, "analytics_payload": {}, "matching_url_prefixes": [], "id": "repopage-K8Xy8d-add-on-link", "type": "connect_menu_item", "children": [], "badge_label": null}, {"analytics_label": "repository.jira", "is_client_link": true, "icon_class": "icon-jira", "target": "_self", "weight": 600, "url": "/unict/activiti-extensions/jira", "tab_name": "jira", "can_display": true, "label": "Jira issues", "is_premium": null, "is_dropdown_item": false, "anchor": true, "badge_label": null, "analytics_payload": {}, "matching_url_prefixes": [], "id": "repo-jira-link", "type": "menu_item", "children": [], "icon": "icon-jira"}, {"analytics_label": "repository.downloads", "is_client_link": false, "icon_class": "icon-downloads", "target": "_self", "weight": 800, "url": "/unict/activiti-extensions/downloads/", "tab_name": "downloads", "can_display": true, "label": "Downloads", "is_premium": null, "is_dropdown_item": false, "anchor": true, "badge_label": null, "analytics_payload": {}, "matching_url_prefixes": [], "id": "repo-downloads-link", "type": "menu_item", "children": [], "icon": "icon-downloads"}], "bitbucketActions": [{"analytics_label": "repository.clone", "is_client_link": false, "icon_class": "icon-clone", "target": "_self", "weight": 100, "url": "#clone", "tab_name": "clone", "can_display": true, "label": "<strong>Clone<\/strong> this repository", "is_premium": null, "is_dropdown_item": false, "anchor": true, "badge_label": null, "analytics_payload": {}, "matching_url_prefixes": [], "id": "repo-clone-button", "type": "menu_item", "children": [], "icon": "icon-clone"}, {"analytics_label": "repository.create_branch", "is_client_link": true, "icon_class": "icon-create-branch", "target": "_self", "weight": 200, "url": "/unict/activiti-extensions/branch", "tab_name": "create-branch", "can_display": true, "label": "Create a <strong>branch<\/strong>", "is_premium": null, "is_dropdown_item": false, "anchor": true, "badge_label": null, "analytics_payload": {}, "matching_url_prefixes": [], "id": "repo-create-branch-link", "type": "menu_item", "children": [], "icon": "icon-create-branch"}, {"analytics_label": "create_pullrequest", "is_client_link": false, "icon_class": "icon-create-pull-request", "target": "_self", "weight": 300, "url": "/unict/activiti-extensions/pull-requests/new", "tab_name": "create-pullreqst", "can_display": true, "label": "Create a <strong>pull request<\/strong>", "is_premium": null, "is_dropdown_item": false, "anchor": true, "badge_label": null, "analytics_payload": {}, "matching_url_prefixes": [], "id": "repo-create-pull-request-link", "type": "menu_item", "children": [], "icon": "icon-create-pull-request"}, {"analytics_label": "repository.compare", "is_client_link": false, "icon_class": "aui-icon-small aui-iconfont-devtools-compare", "target": "_self", "weight": 400, "url": "/unict/activiti-extensions/branches/compare", "tab_name": "compare", "can_display": true, "label": "<strong>Compare<\/strong> branches or tags", "is_premium": null, "is_dropdown_item": false, "anchor": true, "badge_label": null, "analytics_payload": {}, "matching_url_prefixes": [], "id": "repo-compare-link", "type": "menu_item", "children": [], "icon": "aui-icon-small aui-iconfont-devtools-compare"}, {"analytics_label": "repository.fork", "is_client_link": false, "icon_class": "icon-fork", "target": "_self", "weight": 500, "url": "/unict/activiti-extensions/fork", "tab_name": "fork", "can_display": true, "label": "<strong>Fork<\/strong> this repository", "is_premium": null, "is_dropdown_item": false, "anchor": true, "badge_label": null, "analytics_payload": {}, "matching_url_prefixes": [], "id": "repo-fork-link", "type": "menu_item", "children": [], "icon": "icon-fork"}], "activeMenuItem": "source"}}, "global": {"theme": null, "isPullRequestSingleFileModeEnabled": false, "features": {"exp-share-to-invite-variation": false, "allocate-with-regions": true, "frontbucket-eager-dispatching-of-exited-code-review": true, "orochi-git-diff-refactor": true, "fd-repository-page-loading-error-guard": true, "workspaces-api-proxy": true, "webhook_encryption_disabled": true, "uninstall-dvcs-addon-only-when-jira-is-removed": true, "whitelisted_throttle_exemption": true, "connect-iframe-no-sub": true, "orochi-large-merge-message-support": true, "sync-aid-revoked-to-workspace": true, "new-analytics-cdn": true, "nav-add-file": false, "custom-default-branch-name-repo-create": true, "allow-users-members-endpoint": true, "remove-deactivated-users-from-followers": true, "expand-accesscontrol-cache-key": true, "api-diff-caching": true, "prlinks-installer": true, "rm-empty-ref-dirs-on-push": true, "reset-changes-requested-status": true, "provision-workspaces-in-hams": true, "provisioning-skip-workspace-creation": true, "record-site-addon-version": true, "restrict-commit-author-data": true, "enable-jwt-repo-filtering": true, "show-banner-about-new-review-experience": true, "enable-merge-bases-api": true, "bbc.core.pride-logo": false, "reviewer-status": true, "fd-add-gitignore-dropdown-on-create-repo-page": true, "repo-show-uuid": false, "use-elasticache-lsn-storage": true, "fetch-all-relevant-jira-projects": true, "provisioning-install-pipelines-addon": true, "consenthub-config-endpoint-update": true, "disable-hg": true, "new-code-review": true, "orochi-disable-hooks-with-lockid": true, "show-pr-update-activity-changes": true, "fd-ie-deprecation-phase-one": true, "clone-in-xcode": true, "fd-undo-last-push": false, "bbc.core.disable-repository-statuses-fetch": false, "bms-repository-no-finalize": true, "exp-new-user-survey": true, "use-moneybucket": true, "spa-repo-settings--repo-details": true, "enable-fx3-client": true, "workspace-member-set-last-accessed": true, "atlassian-editor": true, "sync-workspace-user-active": true, "auth-flow-adg3": true, "hot-91446-add-tracing-x-b3": true, "connect-iframe-sandbox": true, "nav-next-settings": true, "log-asap-errors": true, "view-source-filtering-upon-timeout": true, "new-code-review-onboarding-experience": true, "disable-repository-replication-task": true, "lookup-pr-approvers-from-prs": true, "orochi-add-custom-backend": true, "null-mainbranch-implies-none": true, "fd-prs-client-cache-fallback": true, "pr_post_build_merge": true, "fd-ie-deprecation-phase-two": true, "workspace-ui": true, "bbc.core.disable-directory-metadata": false, "provisioning-auto-login": true, "bbcdev-13546-caching-defaults": true, "hide-price-annual": true, "fd-jira-compatible-issue-export": true, "account-switcher": true, "user-mentions-repo-filtering": true, "spa-repo-settings--access-keys": true, "read-only-message-migrations": true, "free-daily-repo-limit": true, "svg-based-qr-code": true, "allow-cloud-session": true, "orochi-custom-default-branch-name-repo-create": true, "markdown-embedded-html": false, "fd-overview-page-pr-filter-buttons": true, "show-upgrade-plans-banner": true}, "locale": "en", "isCodeReviewWelcomeDialogOpen": true, "needsTermsAndConditions": false, "is_mobile_user_agent": false, "site_message": "", "codeReviewSidebarWidth": null, "isPullRequestIgnoreWhitespaceEnabled": false, "sourceBrowserSidebarWidth": "209", "targetUser": {"username": "unict", "display_name": "UNICT", "uuid": "{50abb6dc-111b-4217-aacb-67e72b1c1bbf}", "links": {"self": {"href": "https://bitbucket.org/!api/2.0/teams/%7B50abb6dc-111b-4217-aacb-67e72b1c1bbf%7D"}, "html": {"href": "https://bitbucket.org/%7B50abb6dc-111b-4217-aacb-67e72b1c1bbf%7D/"}, "avatar": {"href": "https://bitbucket.org/account/unict/avatar/"}}, "is_active": true, "created_on": "2018-02-05T16:01:28.325516+00:00", "type": "team", "properties": {}, "has_2fa_enabled": null}, "geoip_country": "IT", "isFocusedTask": false, "isCodeReviewSidebarOpen": true, "focusedTaskBackButtonUrl": "https://bitbucket.org/unict/activiti-extensions/src/master/src/main/resources/diagrams/", "importBitbucketActions": [{"analytics_label": null, "is_client_link": false, "icon_class": "", "target": "_self", "weight": 100, "url": "/repo/import?workspace=unict", "tab_name": null, "can_display": true, "label": "<strong>Repository<\/strong>", "is_premium": null, "is_dropdown_item": false, "anchor": true, "badge_label": null, "analytics_payload": {}, "matching_url_prefixes": [], "id": "repository-import-drawer-item", "type": "menu_item", "children": [], "icon": ""}], "isPullRequestAnnotationsEnabled": true, "browser_monitoring": true, "bitbucketActions": [{"analytics_label": null, "is_client_link": false, "icon_class": "", "target": "_self", "weight": 100, "url": "/repo/create?workspace=unict", "tab_name": null, "can_display": true, "label": "<strong>Repository<\/strong>", "is_premium": null, "is_dropdown_item": false, "anchor": true, "badge_label": null, "analytics_payload": {}, "matching_url_prefixes": [], "id": "repository-create-drawer-item", "type": "menu_item", "children": [], "icon": ""}, {"analytics_label": null, "is_client_link": false, "icon_class": "", "target": "_self", "weight": 110, "url": "/workspace/create/", "tab_name": null, "can_display": true, "label": "<strong>Workspace<\/strong>", "is_premium": null, "is_dropdown_item": false, "anchor": true, "badge_label": null, "analytics_payload": {}, "matching_url_prefixes": [], "id": "workspace-create-drawer-item", "type": "menu_item", "children": [], "icon": ""}, {"analytics_label": null, "is_client_link": false, "icon_class": "", "target": "_self", "weight": 120, "url": "/account/projects/create", "tab_name": null, "can_display": true, "label": "<strong>Project<\/strong>", "is_premium": null, "is_dropdown_item": false, "anchor": true, "badge_label": null, "analytics_payload": {}, "matching_url_prefixes": [], "id": "project-create-drawer-item", "type": "menu_item", "children": [], "icon": ""}, {"analytics_label": null, "is_client_link": false, "icon_class": "", "target": "_self", "weight": 130, "url": "/snippets/new?workspace=unict", "tab_name": null, "can_display": true, "label": "<strong>Snippet<\/strong>", "is_premium": null, "is_dropdown_item": false, "anchor": true, "badge_label": null, "analytics_payload": {}, "matching_url_prefixes": [], "id": "snippet-create-drawer-item", "type": "menu_item", "children": [], "icon": ""}], "isPullRequestColorBlindModeEnabled": false, "commitViewSidebarWidth": null, "pullRequestFileViewMode": null, "path": "/unict/activiti-extensions/src/master/src/main/resources/diagrams/DEPLOYPACKAGEXX.bpmn20.xml", "currentUser": {"display_name": "Domenico Calcaterra", "account_id": "5a04888af491f53c4fcbdc3f", "links": {"self": {"href": "https://bitbucket.org/!api/2.0/users/%7Beb351792-ee24-43d1-b978-53bba9b7c962%7D"}, "html": {"href": "https://bitbucket.org/%7Beb351792-ee24-43d1-b978-53bba9b7c962%7D/"}, "avatar": {"href": "https://secure.gravatar.com/avatar/8872c5ecc1b91985061938494c4bb3bc?d=https%3A%2F%2Favatar-management--avatars.us-west-2.prod.public.atl-paas.net%2Finitials%2FDC-2.png"}}, "extra": {"has_ssh_key": false, "has_premium": false, "has_atlassian_account": true, "workspace_id": "dcalcaterra"}, "type": "user", "zoneinfo": null, "is_active": true, "uuid": "{eb351792-ee24-43d1-b978-53bba9b7c962}", "department": null, "created_on": "2017-11-09T16:57:45.661456+00:00", "is_staff": false, "location": null, "account_status": "active", "organization": null, "job_title": null, "nickname": "dcalcaterra", "properties": {}, "has_2fa_enabled": null}, "isPullRequestWordDiffEnabled": true, "needs_marketing_consent": false, "isCommitViewSidebarOpen": true, "pullRequestDiffViewMode": null, "targetFeatures": {"allocate-with-regions": true, "frontbucket-eager-dispatching-of-exited-code-review": true, "orochi-git-diff-refactor": true, "fd-repository-page-loading-error-guard": true, "workspaces-api-proxy": true, "webhook_encryption_disabled": true, "uninstall-dvcs-addon-only-when-jira-is-removed": true, "whitelisted_throttle_exemption": true, "connect-iframe-no-sub": true, "orochi-large-merge-message-support": true, "sync-aid-revoked-to-workspace": true, "new-analytics-cdn": true, "custom-default-branch-name-repo-create": true, "allow-users-members-endpoint": true, "remove-deactivated-users-from-followers": true, "expand-accesscontrol-cache-key": true, "api-diff-caching": true, "prlinks-installer": true, "rm-empty-ref-dirs-on-push": true, "reset-changes-requested-status": true, "provision-workspaces-in-hams": true, "whats-new": true, "record-site-addon-version": true, "restrict-commit-author-data": true, "enable-jwt-repo-filtering": true, "show-banner-about-new-review-experience": true, "enable-merge-bases-api": true, "reviewer-status": true, "fd-add-gitignore-dropdown-on-create-repo-page": true, "use-elasticache-lsn-storage": true, "fetch-all-relevant-jira-projects": true, "provisioning-install-pipelines-addon": true, "view-source-filtering-upon-timeout": true, "disable-hg": true, "new-code-review": true, "orochi-disable-hooks-with-lockid": true, "show-pr-update-activity-changes": true, "fd-ie-deprecation-phase-one": true, "clone-in-xcode": true, "fd-undo-last-push": false, "bms-repository-no-finalize": true, "exp-new-user-survey": true, "use-moneybucket": true, "spa-repo-settings--repo-details": true, "enable-fx3-client": true, "workspace-member-set-last-accessed": true, "atlassian-editor": true, "free-daily-repo-limit": true, "auth-flow-adg3": true, "consenthub-config-endpoint-update": true, "async-bbbs-queue-update-account": true, "hot-91446-add-tracing-x-b3": true, "connect-iframe-sandbox": true, "nav-next-settings": true, "log-asap-errors": true, "provisioning-skip-workspace-creation": true, "new-code-review-onboarding-experience": true, "disable-repository-replication-task": true, "lookup-pr-approvers-from-prs": true, "orochi-add-custom-backend": true, "null-mainbranch-implies-none": true, "fd-prs-client-cache-fallback": true, "pr_post_build_merge": true, "fd-ie-deprecation-phase-two": true, "workspace-ui": true, "provisioning-auto-login": true, "bbcdev-13546-caching-defaults": true, "hide-price-annual": true, "fd-jira-compatible-issue-export": true, "account-switcher": true, "spa-repo-settings--access-keys": true, "read-only-message-migrations": true, "sync-workspace-user-active": true, "svg-based-qr-code": true, "allow-cloud-session": true, "orochi-custom-default-branch-name-repo-create": true, "markdown-embedded-html": false, "fd-overview-page-pr-filter-buttons": true, "show-upgrade-plans-banner": true}, "pullRequestDiffTabSize": null, "flags": [], "isNavigationOpen": true, "isSourceBrowserSidebarOpen": true, "whats_new_feed": "https://bitbucket.org/blog/wp-json/wp/v2/posts?categories=196&context=embed&per_page=6&orderby=date&order=desc"}, "repository": {"source": {"section": {"hash": "8b46f7a67d86a3dc77360e69b18720e18299f81e", "atRef": null, "ref": {"name": "master", "links": {"self": {"href": "https://bitbucket.org/!api/2.0/repositories/unict/activiti-extensions/refs/branches/master"}, "html": {"href": "https://bitbucket.org/unict/activiti-extensions/branch/master"}}, "target": {"type": "commit", "hash": "8b46f7a67d86a3dc77360e69b18720e18299f81e", "links": {"self": {"href": "https://bitbucket.org/!api/2.0/repositories/unict/activiti-extensions/commit/8b46f7a67d86a3dc77360e69b18720e18299f81e"}, "html": {"href": "https://bitbucket.org/unict/activiti-extensions/commits/8b46f7a67d86a3dc77360e69b18720e18299f81e"}}}}}}}};
      
      window.__settings__ = {"MARKETPLACE_TERMS_OF_USE_URL": null, "JIRA_ISSUE_COLLECTORS": {"code-review-beta": {"url": "https://bitbucketfeedback.atlassian.net/s/d41d8cd98f00b204e9800998ecf8427e-T/-4bqv2z/b/20/a44af77267a987a660377e5c46e0fb64/_/download/batch/com.atlassian.jira.collector.plugin.jira-issue-collector-plugin:issuecollector/com.atlassian.jira.collector.plugin.jira-issue-collector-plugin:issuecollector.js?locale=en-US&collectorId=bb066400", "id": "bb066400"}, "jira-software-repo-page": {"url": "https://jira.atlassian.com/s/1ce410db1c7e1b043ed91ab8e28352e2-T/yl6d1c/804001/619f60e5de428c2ed7545f16096c303d/3.1.0/_/download/batch/com.atlassian.jira.collector.plugin.jira-issue-collector-plugin:issuecollector/com.atlassian.jira.collector.plugin.jira-issue-collector-plugin:issuecollector.js?locale=en-UK&collectorId=064d6699", "id": "064d6699"}, "code-review-rollout": {"url": "https://bitbucketfeedback.atlassian.net/s/d41d8cd98f00b204e9800998ecf8427e-T/-4bqv2z/b/20/a44af77267a987a660377e5c46e0fb64/_/download/batch/com.atlassian.jira.collector.plugin.jira-issue-collector-plugin:issuecollector/com.atlassian.jira.collector.plugin.jira-issue-collector-plugin:issuecollector.js?locale=en-US&collectorId=de003e2d", "id": "de003e2d"}, "source-browser": {"url": "https://bitbucketfeedback.atlassian.net/s/d41d8cd98f00b204e9800998ecf8427e-T/-tqnsjm/b/20/a44af77267a987a660377e5c46e0fb64/_/download/batch/com.atlassian.jira.collector.plugin.jira-issue-collector-plugin:issuecollector/com.atlassian.jira.collector.plugin.jira-issue-collector-plugin:issuecollector.js?locale=en-US&collectorId=c19c2ff6", "id": "c19c2ff6"}}, "STATUSPAGE_URL": "https://bitbucket.status.atlassian.com/", "CANON_URL": "https://bitbucket.org", "CONSENT_HUB_FRONTEND_BASE_URL": "https://preferences.atlassian.com", "API_CANON_URL": "https://api.bitbucket.org", "SOCIAL_AUTH_ATLASSIANID_LOGOUT_URL": "https://id.atlassian.com/logout", "EMOJI_STANDARD_BASE_URL": "https://api-private.atlassian.com/emoji/"};
      window.__webpack_nonce__ = '7TA7DQbGorAkzw6o';
      window.isInitialLoadApdex = true;
      
      
    </script>
    
      <script nonce="7TA7DQbGorAkzw6o" src="https://d301sr5gafysq2.cloudfront.net/frontbucket/assets/i18n/en.3cba6bc6.js"></script>
    
      <script nonce="7TA7DQbGorAkzw6o" src="https://d301sr5gafysq2.cloudfront.net/frontbucket/assets/present/ajs.73cd7054.js"></script>
    
      <script nonce="7TA7DQbGorAkzw6o" src="https://d301sr5gafysq2.cloudfront.net/frontbucket/assets/present/app.4ab57b97.js"></script>
    
    
      <script nonce="7TA7DQbGorAkzw6o" src="https://d301sr5gafysq2.cloudfront.net/frontbucket/assets/present/performance-timing.66235f42.js" defer></script>
    
    <script nonce="7TA7DQbGorAkzw6o" type="text/javascript">window.NREUM||(NREUM={});NREUM.info={"beacon":"bam-cell.nr-data.net","queueTime":0,"licenseKey":"a2cef8c3d3","agent":"","transactionName":"NFcGYEdUW0IAVE1QCw0dIkFbVkFYDlkWWw0XUBFXXlBBHwBHSUpKEVcUWwcbQ1gEQEoDAgpeAVZHWkJCBA==","applicationID":"548124220,1841284","errorBeacon":"bam-cell.nr-data.net","applicationTime":264}</script>
  </body>
</html>